0009e14baa.wav|This is a test text for 0009e14baa.wav|
00157312d0.wav|This is a test text for 00157312d0.wav|
00168daa2b.wav|This is a test text for 00168daa2b.wav|
0017a8c8ca.wav|This is a test text for 0017a8c8ca.wav|
001907805e.wav|This is a test text for 001907805e.wav|
001d578a71.wav|This is a test text for 001d578a71.wav|
001f81eeec.wav|This is a test text for 001f81eeec.wav|
0022362ec0.wav|This is a test text for 0022362ec0.wav|
002a8d9076.wav|This is a test text for 002a8d9076.wav|
00380c42e9.wav|This is a test text for 00380c42e9.wav|
0051a6b535.wav|This is a test text for 0051a6b535.wav|
0052912514.wav|This is a test text for 0052912514.wav|
0061189667.wav|This is a test text for 0061189667.wav|
0064ef58c9.wav|This is a test text for 0064ef58c9.wav|
008af38aba.wav|This is a test text for 008af38aba.wav|
008fe722ca.wav|This is a test text for 008fe722ca.wav|
00ad922f03.wav|This is a test text for 00ad922f03.wav|
00bd0b375e.wav|This is a test text for 00bd0b375e.wav|
00d2626c0d.wav|This is a test text for 00d2626c0d.wav|
00dd2da8d0.wav|This is a test text for 00dd2da8d0.wav|
00eab0a931.wav|This is a test text for 00eab0a931.wav|
00f6650270.wav|This is a test text for 00f6650270.wav|
00f9d2ea47.wav|This is a test text for 00f9d2ea47.wav|
00fbe1e62a.wav|This is a test text for 00fbe1e62a.wav|
010d05eeca.wav|This is a test text for 010d05eeca.wav|
0116abd6cb.wav|This is a test text for 0116abd6cb.wav|
011ee38f44.wav|This is a test text for 011ee38f44.wav|
012104f6de.wav|This is a test text for 012104f6de.wav|
01283b3a4c.wav|This is a test text for 01283b3a4c.wav|
012a47d2a7.wav|This is a test text for 012a47d2a7.wav|
012c671d3f.wav|This is a test text for 012c671d3f.wav|
012e096961.wav|This is a test text for 012e096961.wav|
01339697b8.wav|This is a test text for 01339697b8.wav|
0138531096.wav|This is a test text for 0138531096.wav|
013eed1452.wav|This is a test text for 013eed1452.wav|
0145e2e531.wav|This is a test text for 0145e2e531.wav|
01558a3d7d.wav|This is a test text for 01558a3d7d.wav|
0158617baa.wav|This is a test text for 0158617baa.wav|
016a65b4c0.wav|This is a test text for 016a65b4c0.wav|
016add064d.wav|This is a test text for 016add064d.wav|
016ae1bc41.wav|This is a test text for 016ae1bc41.wav|
0170e6aac5.wav|This is a test text for 0170e6aac5.wav|
017197a5b9.wav|This is a test text for 017197a5b9.wav|
01753d288a.wav|This is a test text for 01753d288a.wav|
0177a9f003.wav|This is a test text for 0177a9f003.wav|
0180cfda25.wav|This is a test text for 0180cfda25.wav|
0182b3add5.wav|This is a test text for 0182b3add5.wav|
01837e1834.wav|This is a test text for 01837e1834.wav|
0189f863e1.wav|This is a test text for 0189f863e1.wav|
019db09d6b.wav|This is a test text for 019db09d6b.wav|
01a53a1136.wav|This is a test text for 01a53a1136.wav|
01af564842.wav|This is a test text for 01af564842.wav|
01b3ed9ce1.wav|This is a test text for 01b3ed9ce1.wav|
01b4d0f80e.wav|This is a test text for 01b4d0f80e.wav|
01b65df6fb.wav|This is a test text for 01b65df6fb.wav|
01c2185268.wav|This is a test text for 01c2185268.wav|
01c34a51e0.wav|This is a test text for 01c34a51e0.wav|
01c3793721.wav|This is a test text for 01c3793721.wav|
01c97acfde.wav|This is a test text for 01c97acfde.wav|
01d2aa38b7.wav|This is a test text for 01d2aa38b7.wav|
01e5324865.wav|This is a test text for 01e5324865.wav|
01eaa8917d.wav|This is a test text for 01eaa8917d.wav|
01ec550a19.wav|This is a test text for 01ec550a19.wav|
01f03d8242.wav|This is a test text for 01f03d8242.wav|
01f27a8472.wav|This is a test text for 01f27a8472.wav|
0206cc8b74.wav|This is a test text for 0206cc8b74.wav|
02129f7d85.wav|This is a test text for 02129f7d85.wav|
02172ab520.wav|This is a test text for 02172ab520.wav|
021d845da7.wav|This is a test text for 021d845da7.wav|
022194aec4.wav|This is a test text for 022194aec4.wav|
022a522476.wav|This is a test text for 022a522476.wav|
022c9c6660.wav|This is a test text for 022c9c6660.wav|
022d7ee95e.wav|This is a test text for 022d7ee95e.wav|
022f8ef0ed.wav|This is a test text for 022f8ef0ed.wav|
02451f3df3.wav|This is a test text for 02451f3df3.wav|
024926decb.wav|This is a test text for 024926decb.wav|
02549bbc39.wav|This is a test text for 02549bbc39.wav|
0263aaebe3.wav|This is a test text for 0263aaebe3.wav|
027383e3c0.wav|This is a test text for 027383e3c0.wav|
028230c5c3.wav|This is a test text for 028230c5c3.wav|
0282898e6d.wav|This is a test text for 0282898e6d.wav|
02b19e26b5.wav|This is a test text for 02b19e26b5.wav|
02cd08b6fb.wav|This is a test text for 02cd08b6fb.wav|
02d97c99c5.wav|This is a test text for 02d97c99c5.wav|
02dae26449.wav|This is a test text for 02dae26449.wav|
02eb1d9c1d.wav|This is a test text for 02eb1d9c1d.wav|
02f22c34fb.wav|This is a test text for 02f22c34fb.wav|
02f7d593a4.wav|This is a test text for 02f7d593a4.wav|
02fd01d55e.wav|This is a test text for 02fd01d55e.wav|
0311b7cfc8.wav|This is a test text for 0311b7cfc8.wav|
03193a5d20.wav|This is a test text for 03193a5d20.wav|
031a3d4b3b.wav|This is a test text for 031a3d4b3b.wav|
031f8709a0.wav|This is a test text for 031f8709a0.wav|
032d0cc58b.wav|This is a test text for 032d0cc58b.wav|
034064f2fc.wav|This is a test text for 034064f2fc.wav|
0344264ef6.wav|This is a test text for 0344264ef6.wav|
034e37a849.wav|This is a test text for 034e37a849.wav|
0351416612.wav|This is a test text for 0351416612.wav|
0360b62b3c.wav|This is a test text for 0360b62b3c.wav|
03654f3aa6.wav|This is a test text for 03654f3aa6.wav|